adrien lambel LAMBEL Adrien adrien.mail
thomas klein KLEIN Thomas thomas.mail
titi toto TOTO Titi titi.mail
toto titi TITI Toto toto.mail
admin admin admin admin admin.mail
adlambel adrien LAMBEL Adrien adlambel.mail
